<?xml version="1.0" encoding="UTF-8"?>
<Body>
<Delay Value="True" />
<Debug Value="False" />
<DebugInit Value="False" /> <!-- RendererGL_1_1::PresentVrtl -->
<TexImage Value="True" /> <!-- RendererGL_1_1::addTexture -->
<GL_TEXTURE_RECTANGLE_EXT Value="True" /> <!-- RendererGL_1_1::addTexture -->
<Alpha Value="True" /> <!-- IRenderer::addImageLibTexture -->
<Renderer Value="GLGLSL_1_1" />
<!-- Shader3D Value="CelShader_" / -->

<!-- Shader3D Value="SimpleShader" />
<Shader3D Value="AmbientLighting" />
<Shader3D Value="DiffuseLighting" />
<Shader3D Value="PhongLighting1" />
<Shader3D Value="PhongLighting2" />
<Shader3D Value="DirectionaLighting" />
<Shader3D Value="SpotLighting" />
<Shader3D Value="MultiLighting" />
<Shader3D Value="SnowShader" />
<Shader3D Value="CelShader" />
<Shader3D Value="CelShader1" />
<Shader3D Value="CelShader2" />
<Shader3D Value="CelShader3" />
<Shader3D Value="CelShader4" / -->

<windows>
<window>
    <position x="0" y="0" />
    <size x="800" y="600" />
    <title>Default</title>
</window>
<window>
    <position x="0" y="0" />
    <size x="1280" y="812" />
    <title>ParticleVS</title>
</window>
<window>
    <position x="0" y="0" />
    <size x="1280" y="812" />
    <title>ParticleVS2</title>
</window>
<window>
    <position x="0" y="0" />
    <size x="1280" y="812" />
    <title>ParticleVS3</title>
</window>
<window>
    <position x="0" y="0" />
    <size x="640" y="640" />
    <title>Clock_Dial</title>
</window>
<window>
    <position x="0" y="0" />
    <size x="448" y = "153" />
    <title>Digital_Clock</title>
</window>
<window>
    <position x="0" y="0" />
    <size x="800" y="600" />
    <title>a_01_Installing</title>
</window>
<window>
    <position x="0" y="0" />
    <size x="800" y="600" />
    <title>a_02_IND_Surface</title>
</window>
<window>
    <position x="0" y="0" />
    <size x="800" y="600" />
    <title>a_03_IND_Image</title>
</window>
<window>
    <position x="0" y="0" />
    <size x="800" y="600" />
    <title>a_04_IND_Animation</title>
</window>
<window>
    <position x="0" y="0" />
    <size x="800" y="600" />
    <title>a_05_IND_Font</title>
</window>
<window>
    <position x="0" y="0" />
    <size x="800" y="600" />
    <title>a_06_Primitives</title>
</window>
<window>
    <position x="0" y="0" />
    <size x="800" y="600" />
    <title>a_07_IND_Input</title>
</window>
<window>
    <position x="0" y="0" />
    <size x="800" y="600" />
    <title>a_08_Collisions</title>
</window>
<window>
    <position x="0" y="0" />
    <size x="800" y="600" />
    <title>a_09_IND_3dMesh</title>
</window>
<window>
    <position x="0" y="0" />
    <size x="800" y="600" />
    <title>a_10_IND_Light</title>
</window>
<window>
    <position x="0" y="0" />
    <size x="800" y="600" />
    <title>a_11_Animated_Tile_Scrolling</title>
</window>
<window>
    <position x="0" y="0" />
    <size x="800" y="600" />
    <title>a_13_2d_Camera</title>
</window>
<window>
    <position x="0" y="0" />
    <size x="800" y="600" />
    <title>a_14_3d_Camera</title>
</window>
<window>
    <position x="0" y="0" />
    <size x="800" y="600" />
    <title>a_15_Parallax_Scrolling</title>
</window>
<window>
    <position x="0" y="0" />
    <size x="800" y="600" />
    <title>a_16_IND_Timer</title>
</window>
<window>
    <position x="0" y="0" />
    <size x="800" y="600" />
    <title>b_01_IND_Surface_Grids</title>
</window>
<window>
    <position x="0" y="0" />
    <size x="800" y="600" />
    <title>b_02_Blitting_2d_Directly</title>
</window>
<window>
    <position x="0" y="0" />
    <size x="800" y="600" />
    <title>b_03_Blitting_3d_Directly</title>
</window>
<window>
    <position x="0" y="0" />
    <size x="800" y="600" />
    <title>b_04_Several_ViewPorts</title>
</window>
<window>
    <position x="0" y="0" />
    <size x="800" y="600" />
    <title>c_01_Alien_BenchMark</title>
</window>
<window>
    <position x="0" y="0" />
    <size x="800" y="600" />
    <title>c_02_Rabbits_BenchMark</title>
</window>
<window>
    <position x="0" y="0" />
    <size x="800" y="600" />
    <title>IndieLib_Animation_Collision</title>
</window>
<window>
    <position x="0" y="0" />
    <size x="800" y="600" />
    <title>IndieLib_Blend</title>
</window>
<window>
    <position x="0" y="0" />
    <size x="800" y="600" />
    <title>IndieLib_Fading</title>
</window>
<window>
    <position x="0" y="0" />
    <size x="800" y="600" />
    <title>IndieLib_FloatingText</title>
</window>
<window>
    <position x="0" y="0" />
    <size x="800" y="600" />
    <title>IndieLib_ParallaxScroll</title>
</window>
<window>
    <position x="0" y="0" />
    <size x="800" y="600" />
    <title>IndieLib_TankEnemies</title>
</window>
<window>
    <position x="0" y="0" />
    <size x="800" y="600" />
    <title>IndieLib_TankEnemiesParallax</title>
</window>
<window>
    <position x="0" y="0" />
    <size x="800" y="600" />
    <title>IndieLib_TankFollowsMouseFires</title>
</window>
<window>
    <position x="0" y="0" />
    <size x="800" y="600" />
    <title>IndieLib_Transitions</title>
</window>
<window>
    <position x="0" y="0" />
    <size x="800" y="600" />
    <title>NatureScene</title>
</window>
<window>
    <position x="0" y="0" />
    <size x="1280" y="1024" />
    <title>RadeonTerrainDemo</title>
</window>
<window>
    <position x="0" y="0" />
    <size x="800" y="600" />
    <title>L_System2D</title>
</window>
<window>
    <position x="0" y="0" />
    <size x="800" y="600" />
    <title>L_System3D</title>
</window>
<window>
    <position x="0" y="0" />
    <size x="800" y="660" />
    <title>3DAnimation2</title>
</window>
</windows>
</Body>
