<Panel visible     = "true"
       name        = "Main Frame">

  <Texture  type        = "TEXTURE_2D"
            path        = "GUIElements.PNG" 
            mode        = "MODULATE"
            mipmap      = "true">

    <Wrap   s           = "REPEAT"
            t           = "REPEAT" />

    <Filter mag         = "LINEAR" 
            min         = "LINEAR_MIPMAP_LINEAR" />
  </Texture>
  
  <Font path = "GUIArialSmall.tga" />
 
  <Panel name           = "Tweakables"
         layout         = "YAXIS"
         anchorPoint    = "CORNERRD"> 

    <Position    x = "-10" y = "-10"/>
    <Interval    y = "10" />

    <ComboBox lowerPanelColorScale = "2.0"
              callbackString       = "texture">

       <Button clipSize   = "0"
               drawBounds = "false">
               
         <BordersColor x = "150" y = "150" z =  "150" />
         <Color        x =  "1.0" y =  "1.0" z = "1.0" a = "0.95"/>

         <TextureRectangle x     = "136" y = "65" z = "160" w = "46" />
         <Texture          type  = "TEXTURE_2D" path  = "GUIElements.PNG" />      
       </Button>

       <ScrollingColor r = "150" y = "150" z = "150" />
       <BordersColor   x = "150" y = "150" z = "150" />
       <BGColor        x =  "40" y =  "40" z =  "40" a = "1.0"/>
     
       <Item string = "Texture: small.png" />
       <Item string = "Texture: small.dds" />
       <Item string = "Texture: huge.png" />
       <Item string = "Texture: huge.dds" />
    </ComboBox>
   
    <ComboBox lowerPanelColorScale = "2.0"
              callbackString       = "shader">

       <Button clipSize   = "0"
               drawBounds = "false">
               
         <BordersColor x = "150" y = "150" z =  "150" />
         <Color        x =  "1.0" y =  "1.0" z = "1.0" a = "0.95"/>

         <TextureRectangle x     = "136" y = "65" z = "160" w = "46" />
         <Texture          type  = "TEXTURE_2D" path  = "GUIElements.PNG" />     
       </Button>

       <ScrollingColor r = "150" y = "150" z = "150" />
       <BordersColor   x = "150" y = "150" z = "150" />
       <BGColor        x =  "40" y =  "40" z =  "40" a = "1.0"/>
     
       <Item string = "Shader: Solid Color" />
       <Item string = "Shader: Plain Texture" />
       <Item string = "Shader: Alpha Blended" />
       <Item string = "Shader: Alpha Blended Using Alpha Test" />
       <Item string = "Shader: Expensive VS Cheap PS" />
       <Item string = "Shader: Cheap VS Expensive PS" />
       <Item string = "Shader: Cheap VS Moderate PS" />
    </ComboBox>   
   
    <ComboBox lowerPanelColorScale = "2.0"
              callbackString       = "renderTech">

       <Button clipSize   = "0"
               drawBounds = "false">
               
         <BordersColor x = "150" y = "150" z =  "150" />
         <Color        x =  "1.0" y =  "1.0" z = "1.0" a = "0.95"/>

         <TextureRectangle x     = "136" y = "65" z = "160" w = "46" />
         <Texture          type  = "TEXTURE_2D" path  = "GUIElements.PNG" />
       </Button>

       <ScrollingColor r = "150" y = "150" z = "150" />
       <BordersColor   x = "150" y = "150" z = "150" />
       <BGColor        x =  "40" y =  "40" z =  "40" a = "1.0"/>
     
       <Item string = "Render: Immediate Mode" />
       <Item string = "Render: Vertex Array" />
       <Item string = "Render: VBO" />
    </ComboBox>

    <Panel name           = "groupEm1"
           layout         = "YAXIS"> 
    <Interval  x = "0"  y = "0" />

    <Label callbackString = "particleCountl">
      <Text   string = "Particle Count: 5000" />
    </Label>
    <Slider    callbackString = "particleCount"
               progress       = "100">
      <Dimensions x = "150" />
    </Slider>

    </Panel>

  </Panel>
  
  <Panel name           = "DStats"
         layout         = "YAXIS"
         anchorPoint    = "CORNERLU"> 

    <Position    x = "2" y = "0"/>
    <Interval    y = "0" />

    <Label name = "fpsCounter"><Text string = "0.0 fps (640x480):" /></Label>
    
  </Panel>

  <Panel name           = "copyright"
         layout         = "YAXIS"
         visible        = "false"
         drawBounds     = "true"
         drawBackground = "true"
         anchorPoint    = "CORNERLD"> 
    <BordersColor   x = "150" y = "150" z = "150" />
    <BGColor        x =  "40" y =  "40" z =  "40" a = "1.0"/>
    <Position       x = "10" y = "-10"/>
      
    <Label callbackString = "cpyright1"> <Text string = "hw_shadowmaps_simple (c) 2005 NVIDIA Corporation" />  </Label>
    <Label callbackString = "cpyright2"> <Text string = "GLH -- Copyright (c) 2005 NVIDIA Corporation" />  </Label>
    <Label callbackString = "cpyright3"> <Text string = "GLH -- Copyright (c) 2000 Cass Everitt" />  </Label>
    <Label callbackString = "cpyright4"> <Text string = "GLGUI -- Copyright (c) 2005 Abdul Bezrati" />  </Label>
    <Label callbackString = "cpyright5"> <Text string = "libpng -- Copyright (c) 1998, 1999, 2000 Glenn Randers-Pehrson" />  </Label>
  </Panel>
 
  <TexCoordsDesc xStart = "201" yStart = "2" xEnd = "233" yEnd = "34" type = "SLIDER"/>
  <TexCoordsDesc xStart = "167" yStart = "2" xEnd = "199" yEnd = "34" type = "CHECK_BOX"/>
  <TexCoordsDesc xStart = "131" yStart = "1" xEnd = "165" yEnd = "35" type = "CHECK_BOX_MARK"/>
  <TexCoordsDesc xStart =   "1" yStart = "1" xEnd =  "65" yEnd = "66" type = "RADIO_BUTTON"/>
  <TexCoordsDesc xStart =  "66" yStart = "2" xEnd = "130" yEnd = "66" type = "CHECK_RB_MARK"/>
</Panel>