<SceneFrame guiPath = "GUILayout.xml"> 


  <MediaFolder path = "Data/Sky/"      />
  <MediaFolder path = "Data/Water/"    />
  <MediaFolder path = "Data/Grass/"    />
  <MediaFolder path = "Data/Terrain/"  />
  <MediaFolder path = "Data/GUI/"      />
  <MediaFolder path = "Data/"          />

  <Window title = "Nature"> 

    <DisplayMode  colorDepth  =    "32"
                  fullscreen  = "false" 
                  centered    =  "true"
                  height      =   "600"
                  width       =   "800"
                  x           =     "0"
                  y           =     "0" />

 
    <GLCaps       accumulation =     "0"
                  doubleBuffer =  "true"
                  samples      =     "4"
                  stencil      =     "0" 
                  vsync        = "false"
                  alpha        =     "0"
                  depth        =    "24"
                  color        =    "32" />
  </Window> 
  
</SceneFrame>